{
	"$schema": "https://json-schema.org/draft/2019-09/schema#",
	"$ref": "#/definitions/RetailPharmacyLocation",
	"definitions": {
		"OperatingHours": {
			"type": "object",
					"properties": {
						"day":{
							"type": "string",
							"enum": ["Sunday", "Monday", "Tuesday", "Wednesday", "Thursday", "Friday", "Saturday", "Holiday"]				
						},
						"openingTime": {
							"type": "string",
							"format": "time"
						},
						"closingTime": {
							"type": "string",
							"format": "time"
						}
					},
					"required": [
						"openingTime",
						"closingTime"
					],
					"additionalProperties": false
		},
		"location": {
			"title": "location",
			"type": "object",
			"properties": {
				"id": {
					"type": "string"
				},
				"driveThroughEquipped": {
					"type": "boolean"
				},
				"handicapAccessible": {
					"type": "boolean"
				},
				"vaccinationsAvailble": {
					"type": "boolean"
				},
				"addressLine1": {
					"type": "string"
				},
				"addressLine2": {
					"type": "string"
				},
				"city": {
					"type": "string"
				},
				"state": {
					"type": "string"
				},
				"postalCode": {
					"type": "string"
				},
				"tzDatabaseName": {
					"type": "string"
				},
				"hours": {
					"title": "hours",
					"type": "array",
					"items": {
						"$ref": "#/definitions/OperatingHours"
					}
				},
				"websiteUri": {
					"type": "string",
					"format": "uri"
				},
				"phoneNumber": {
					"type": "string"
				},
				"coordinates": {
					"title": "coordinates",
					"type": "object",
					"properties": {
						"latitude": {
							"type": "number"
						},
						"longitude": {
							"type": "number"
						}
					},
					"required": [
						"latitude",
						"longitude"
					],
					"additionalProperties": false
				},
				"rating": {
					"title": "rating",
					"type": "object",
					"properties": {
						"title": {
							"type": "string"
						},
						"description": {
							"type": "string"
						},
						"uri": {
							"type": "string",
							"format": "uri"
						}
					},
					"required": [
						"title",
						"description",
						"uri"
					],
					"additionalProperties": false
				},
				"distanceFromSearchLocation": {
					"type": "number"
				}
			},
			"required": [
				"id",
				"driveThroughEquipped",
				"handicapAccessible",
				"vaccinationsAvailble",
				"addressLine1",
				"addressLine2",
				"city",
				"state",
				"postalCode",
				"tzDatabaseName",
				"hours",
				"websiteUri",
				"phoneNumber",
				"coordinates",
				"rating",
				"distanceFromSearchLocation"
			],
			"additionalProperties": false
		},
		"auditInfo": {
			"title": "AuditInfo",
			"type": "object",
			"properties": {
				"insertUid": {
					"type": "string",
					"format": "uuid"
				},
				"insertTimestamp": {
					"type": "string",
					"format": "date-time"
				},
				"updateUid": {
					"type": "string",
					"format": "uuid"
				},
				"updateTimestamp": {
					"type": "string",
					"format": "date-time"
				}
			},
			"required": [
				"insertUid",
				"insertTimestamp",
				"updateUid",
				"updateTimestamp"
			],
			"additionalProperties": false
		},
		"RetailPharmacyLocation": {
			"type": "object",
			"properties": {
				"id": {
					"type": "string"
				},
				"npi": {
					"type": "string"
				},
				"ncpdp": {
					"type": "string"
				},
				"name": {
					"type": "string"
				},
				"membershipRequired": {
					"type": "boolean"
				},
				"membershipDetailsUri": {
					"type": "string",
					"format": "uri"
				
				},
				"logoUri": {
					"type": "string",
					"format": "uri"
				},
				"location": {
					"$ref": "#/definitions/location"
				},
				"auditInfo": {
					"$ref": "#/definitions/auditInfo"
				}
			},
			"required": [
				"id",
				"npi",
				"ncpdp",
				"name",
				"membershipRequired",
				"membershipDetailsUri",
				"logoUri",
				"location",
				"auditInfo"
			],
			"additionalProperties": false
		}
	}
}
