{
  "$schema":"https://json-schema.org/draft/2019-09/schema#",
  "description":"Cosmos UserAccount Security Json Schema",
  "$ref":"#/definitions/UserAccountSecurity",
  "definitions": {
    "DrugCoupons": {
      "type": "object",
      "properties": {
        "drugNdc": {
          "type": "string"
        },
        "savedCoupons": {
          "type": "array",
          "items": {
            "type": "string"
          }
        }
      }
    },   
    "UserAccountSecurity": {
      "type": "object",
      "required": [
        "accountId",
        "auditInfo",
        "isAccountActive"
      ],
      "properties": {
        "accountId": {
          "type": "string"
        },
        "auditInfo": {
          "$ref": "#/definitions/auditInfo"
        },
        "savedDrugCoupons": {
          "type": "array",
          "items": {
            "$ref": "#/definitions/DrugCoupons"
          }
        },
        "devices": {
          "type": "array",
          "items": {
            "$ref": "#/definitions/device"
          }
        },
        "isAccountActive": {
          "type": "string"
        },
        "preferences": {
          "$ref": "#/definitions/preferences"
        }
   
      }
    },  
    "auditInfo": {
      "type": "object",
      "properties": {
        "createdBy": {
          "type": "string"
        },
        "createdTs": {
          "type": "string"
        },
        "updatedby": {
          "type": "string"
        },
        "updateTs": {
          "type": "string"
        }
      }
    },
  
    "device": {
      "type": "object",
      "properties": {
        "deviceId": {
          "type": "string"
        },
        "isDeviceActive": {
          "type": "string"
        },
        "deviceToken": {
          "type": "string"
        },
        "deviceType": {
          "type": "string",
          "enum": [
            "MOBILE",
            "PORTAL"
          ],
          "example": "Mobile, Portal"
        },
        "deviceIdentifier": {
          "type": "string"
        },
        "platform": {
          "type": "string"
        },
        "model": {
          "type": "string"
        },
        "osVersion": {
          "type": "string"
        },
        "appVersion": {
          "type": "string"
        },
        "macAddress": {
          "type": "string"
        },
        "ipAddress": {
          "type": "string"
        },
        "imieNumber": {
          "type": "string"
        }
      }
    },
    "preferences": {
      "type": "object",
      "properties": {
        "favoriteLocations": {
          "type": "array",
          "items": {
            "type": "object",
            "properties": {
              "favLocationId": {
                "type": "string"
              },
              "retailerLocationId": {
                "type": "string"
              }
            }
          }
        },
        "notifications": {
          "type": "array",
          "items": {
            "type": "object",
            "properties": {
              "notificationId": {
                "type": "string"
              },
              "type": {
                "type": "string"
              },
              "enabled": {
                "type": "string"
              }
            }
          }
        }
      }
    }  
  }
}
