{
  "$schema": "https://json-schema.org/draft/2019-09/schema#",
  "type": "object",
  "properties": {
    "UserAccount": {
      "$ref": "#/definitions/UserAccount"
    },
    "UpdateDeviceRequest": {
      "$ref": "#/definitions/UpdateDeviceRequest"
    },
    "UpdatePreferenceRequest": {
      "$ref": "#/definitions/UpdatePreferenceRequest"
    },
    "PreferenceResponse": {
      "$ref": "#/definitions/PreferenceResponse"
    },
    "UserSearchByIdRequest": {
      "$ref": "#/definitions/UserSearchByIdRequest"
    },
    "UpdateCouponRequest": {
      "$ref": "#/definitions/UpdateCouponRequest"
    },
    "UserAccountCouponsSearchByNdcRequest": {
      "$ref": "#/definitions/UserAccountCouponsSearchByNdcRequest"
    },
     "DeleteCouponRequest": {
      "$ref": "#/definitions/DeleteCouponRequest"
    }
  },
  "definitions": {
    "DrugCoupons": {
      "type": "object",
      "required": [
          "drugNdc"
        ],
      "properties": {
        "drugNdc": {
          "type": "string"
        },
        "savedCoupons": {
          "type": "array",
          "items": {
            "type": "string"
          }
        }
      }
    },
     "DeleteCouponRequest": {
        "type": "object",
        "required": [
          "accountId",
          "couponId"
        ],
        "properties": {
          "accountId": {
            "type": "string"
          },
          "couponId": {
            "type": "string"
          }
        }
      },
    "UpdateCouponRequest": {
      "type": "object",
      "required": [
        "accountId",
        "savedDrugCoupons"
      ],
      "properties": {
        "accountId": {
          "type": "string"
         
        },
        "savedDrugCoupons": {
          "type": "array",
            "required": [
             "DrugCoupons"
           ],
          "items": {
            "$ref": "#/definitions/DrugCoupons"
          }
        }
      }
    },
    "UserAccountCouponsSearchByNdcRequest": {
      "type": "object",
      "required": [
        "accountId",
        "drugNdc"
      ],
      "properties": {
        "accountId": {
          "type": "string"
        },
        "drugNdc": {
          "type": "string"
        }
      }
    },
    "UserAccount": {
      "type": "object",
      "required": [
        "accountId",
        "auditInfo",
        "isAccountActive"
      ],
      "properties": {
        "accountId": {
          "type": "string"
        },
        "auditInfo": {
          "$ref": "#/definitions/auditInfo"
        },
        "communicationPreferences": {
          "type": "array",
          "items": {
            "$ref": "#/definitions/communicationPreferences"
          }
        },
        "savedDrugCoupons": {
          "type": "array",
          "items": {
            "$ref": "#/definitions/DrugCoupons"
          }
        },
        "devices": {
          "type": "array",
          "items": {
            "$ref": "#/definitions/device"
          }
        },
        "isAccountActive": {
          "type": "string"
        },
        "optumMembershipInfo": {
          "$ref": "#/definitions/optumMembershipInfo"
        },
        "preferences": {
          "$ref": "#/definitions/preferences"
        },
        "globalMembershipInfo": {
          "$ref": "#/definitions/globalMembershipInfo"
        },
        "contactInfo": {
          "$ref": "#/definitions/contactInfo"
        }
      }
    },
    "UpdateDeviceRequest": {
      "type": "object",
      "required": [
        "accountId",
        "devices"
      ],
      "properties": {
        "accountId": {
          "type": "string"
        },
        "devices": {
          "type": "array",
           "required": [
             "device"
           ],
          "items": {
            "$ref": "#/definitions/device"
          }
        }
      }
    },
    "UpdatePreferenceRequest": {
      "type": "object",
      "required": [
        "accountId",
        "preferences"
      ],
      "properties": {
        "accountId": {
          "type": "string"
        },
        "preferences": {
          "$ref": "#/definitions/preferences"
        }
      }
    },
    "PreferenceResponse": {
      "type": "object",
      "required": [
        "favoriteLocations",
        "notifications"
      ],
      "properties": {
        "favoriteLocations": {
          "type": "array",
          "items": {
            "$ref": "#/definitions/FavoriteLocationPreference"
          }
        },
        "notifications": {
          "type": "array",
          "items": {
            "$ref": "#/definitions/NotificationPreference"
          }
        }
      }
    },
    "FavoriteLocationPreference": {
      "type": "object",
      "required": [
        "id",
        "retailer",
        "location"
      ],
      "properties": {
        "id": {
          "type": "string"
        },
        
         "retailer": {
          "$ref": "#/definitions/Retailer"
        },
         "location": {
          "$ref": "#/definitions/RetailerLocation"
        }
       
      }
    },
   
    "Retailer": {
      "type": "object",
      "required": [
        "id",
        "isFavorite",
        "isMembershipRequired",
        "logo",
        "membershipDetailsUrl",
        "name"
      ],
      "properties": {
        "id": {
          "type": "string"
        },
        "name": {
          "type": "string",
          "example": "Target"
        },
        "isFavorite": {
          "type": "boolean",
          "description": "[Post-MVP] Indicates whether or not this retailer has a location in the current user's favorites.\n"
        },
        "isMembershipRequired": {
          "type": "boolean"
        },
        "membershipDetailsUrl": {
          "type": "string",
          "example": "https://rcam.target.com/#/",
          "nullable": true
        },
        "logo": {
          "$ref": "#/definitions/ImageWithDarkModeSupport"
        }
      }
    },
    "ImageWithDarkModeSupport": {
      "type": "object",
      "required": [
        "darkModeImageUrl",
        "imageUrl"
      ],
      "properties": {
        "imageUrl": {
          "type": "string",
          "example": "https://example.com/image.png"
        },
        "darkModeImageUrl": {
          "type": "string",
          "example": "https://example.com/dark-mode-image.png",
          "nullable": true
        }
      },
      "description": "In order to support dark mode in client apps, an image designed to be shown on a dark background should be included.\n"
    },
    "RetailerLocation": {
      "type": "object",
      "required": [
        "addressLine1",
        "addressLine2",
        "city",
        "coordinates",
        "hours",
        "id",
        "isFavorite",
        "phoneNumber",
        "state",
        "tzDatabaseName",
        "zipCode"
      ],
      "properties": {
        "id": {
          "type": "string"
        },
        "isFavorite": {
          "type": "boolean",
          "description": "[Post-MVP] Indicates whether or not this location is included in the current user's favorites.\n"
        },
        "addressLine1": {
          "type": "string",
          "example": "123 Main St.",
          "nullable": true
        },
        "addressLine2": {
          "type": "string",
          "nullable": true
        },
        "city": {
          "type": "string",
          "example": "Minneapolis",
          "nullable": true
        },
        "state": {
          "type": "string",
          "example": "MN",
          "nullable": true
        },
        "zipCode": {
          "type": "string",
          "example": "55401",
          "nullable": true
        },
        "tzDatabaseName": {
          "type": "string",
          "example": "America/Chicago",
          "description": "The `tz database` name for this location's time zone. Used for calculating whether or not this location is open for the current user. This has a slight advantage over UTC offset, since clients can independently account for daylight saving time when applicable.",
          "nullable": true
        },
        "hours": {
          "type": "array",
          "items": {
            "$ref": "#/definitions/OperatingHours"
          }
        },
        "phoneNumber": {
          "type": "string",
          "example": "(612) 111-1111",
          "nullable": true
        },
        "coordinates": {
          "$ref": "#/definitions/Coordinates"
        }
      }
    },
    "Coordinates": {
      "type": "object",
      "required": [
        "latitude",
        "longitude"
      ],
      "properties": {
        "latitude": {
          "type": "number",
          "format": "double",
          "example": 44.949782
        },
        "longitude": {
          "type": "number",
          "format": "double",
          "example": -93.285233
        }
      }
    },
    "OperatingHours": {
      "type": "object",
      "required": [
        "close",
        "open"
      ],
      "properties": {
        "open": {
          "type": "object",
          "required": [
            "day",
            "time"
          ],
          "properties": {
            "day": {
              "type": "string",
              "example": "Sunday"
            },
            "time": {
              "type": "string",
              "example": "08:30",
              "description": "The hour and minute in 24-hour time."
            }
          }
        },
        "close": {
          "type": "object",
          "required": [
            "day",
            "time"
          ],
          "properties": {
            "day": {
              "type": "string",
              "example": "Sunday"
            },
            "time": {
              "type": "string",
              "example": "22:00",
              "description": "The hour and minute in 24-hour time."
            }
          }
        }
      },
      "description": "Indicates a single opening and closing window for this location."
    },
    "NotificationPreference": {
      "type": "object",
      "required": [
        "enabled",
        "id",
        "type"
      ],
      "properties": {
        "id": {
          "type": "string"
        },
        "type": {
          "type": "string",
          "enum": [
            "priceAlerts",
            "drugNews"
          ]
        },
        "enabled": {
          "type": "boolean"
        }
      }
    },
    "UserSearchByIdRequest": {
      "type": "object",
      "required": [
        "accountId"
      ],
      "properties": {
        "accountId": {
          "type": "string"
        }
      }
    },
    "auditInfo": {
      "type": "object",
      "properties": {
        "createdBy": {
          "type": "string"
        },
        "createdTs": {
          "type": "string"
        },
        "updatedby": {
          "type": "string"
        },
        "updateTs": {
          "type": "string"
        }
      }
    },
    "optumMembershipInfo": {
      "type": "object",
      "required": [
        "type"
      ],
      "properties": {
        "hsId": {
          "type": "string"
        },
        "optumId": {
          "type": "string"
        },
        "cnsmId": {
          "type": "string"
        },
        "cag": {
          "type": "string"
        },
        "mid": {
          "type": "string"
        },
        "optumPerksAdjMid": {
          "type": "string"
        },
        "products": {
          "$ref": "#/definitions/products"
        }
      },
      "example": {
        "type": "active"
      }
    },
    "products": {
      "type": "object",
      "properties": {
        "optumBank": {
          "type": "string"
        },
        "optumRx": {
          "type": "string"
        }
      }
    },
    "contactInfo": {
      "type": "object",
      "properties": {
        "firstName": {
          "type": "string"
        },
        "lastName": {
          "type": "string"
        },
        "addresses": {
          "type": "array",
          "items": {
            "type": "object",
            "properties": {
              "id": {
                "type": "string"
              },
              "addressType": {
                "type": "string"
              },
              "addressLine1": {
                "type": "string"
              },
              "addressLine2": {
                "type": "string"
              },
              "city": {
                "type": "string"
              },
              "state": {
                "type": "string"
              },
              "zip": {
                "type": "string"
              }
            }
          }
        },
        "communications": {
          "type": "array",
          "items": {
            "type": "object",
            "properties": {
              "phones": {
                "type": "array",
                "items": {
                  "type": "object",
                  "properties": {
                    "id": {
                      "type": "string"
                    },
                    "number": {
                      "type": "string"
                    },
                    "type": {
                      "type": "string"
                    },
                    "isPreferred": {
                      "type": "string"
                    }
                  }
                }
              },
              "emails": {
                "type": "array",
                "items": {
                  "type": "object",
                  "properties": {
                    "id": {
                      "type": "string"
                    },
                    "emailAddress": {
                      "type": "string"
                    },
                    "emailType": {
                      "type": "string",
                      "default": "PERSONAL"
                    },
                    "isPreferred": {
                      "type": "boolean"
                    }
                  }
                }
              }
            }
          }
        }
      }
    },
    "device": {
      "type": "object",
       "required": [
          "deviceIdentifier"
        ],
      "properties": {
        "deviceId": {
          "type": "string"
        },
        "isDeviceActive": {
          "type": "string"
        },
        "deviceToken": {
          "type": "string"
        },
        "deviceType": {
          "type": "string",
          "enum": [
            "MOBILE",
            "PORTAL"
          ],
          "example": "Mobile, Portal"
        },
        "deviceIdentifier": {
          "type": "string"
        },
        "platform": {
          "type": "string"
        },
        "model": {
          "type": "string"
        },
        "osVersion": {
          "type": "string"
        },
        "appVersion": {
          "type": "string"
        },
        "macAddress": {
          "type": "string"
        },
        "ipAddress": {
          "type": "string"
        },
        "imieNumber": {
          "type": "string"
        }
      }
    },
    "globalMembershipInfo": {
      "type": "object",
      "properties": {
        "aarpId": {
          "type": "string"
        }
      }
    },
    "preferences": {
      "type": "object",
      "properties": {
        "favoriteLocations": {
          "type": "array",
          "items": {
            "type": "object",
            "properties": {
              "favLocationId": {
                "type": "string"
              },
              "retailerLocationId": {
                "type": "string"
              }
            }
          }
        },
        "notifications": {
          "type": "array",
          "items": {
            "type": "object",
            "properties": {
              "notificationId": {
                "type": "string"
              },
              "type": {
                "type": "string"
              },
              "enabled": {
                "type": "string"
              }
            }
          }
        }
      }
    },
    "communicationPreferences": {
      "type": "array",
      "items": {
        "type": "string",
        "enum": [
          "EMAIL",
          "PHONE"
        ]
      }
    }
  }
}