{
    "$schema": "https://json-schema.org/draft/2019-09/schema#",
    "description": "Cosmos Pharmacy Json Schema partition key is affiliationId",
    "$ref": "#/definitions/retailPharmacyLocation",
    "definitions":{
        "retailPharmacyLocation" : {
            "type" : "object",
            "title" : "retailPharmacyLocation",
            "properties": {
                "sourceSystemCode": {
			        "type": "string"
                },
                "sourceSystemInstance": {
                    "type": "string"
                },
                "affiliationId": {
                    "type": "string"
                },
                "affiliationName": {
                    "type": "string"
                },
                "pharmacyId": {
                    "type": "string"
                },
                "pharmacyName": {
                    "type": "string"
                },
                "npi": {
                    "type": "string"
                },	
                "ncpdp": {
                    "type": "string"
                },
                "pharmacyStatus": {
                    "type": "string"
                },
                "latitude": {
                    "type": "number"
                },
                "longitude": {
                    "type": "number"
                },
                "membershipRequired": {
                    "type": "string"
                },
                "membershipDetailUrl": {
                    "type": "string"
                },
                "logoImageURL": {
                    "type": "string"
                },
                "darkModelImageUrl": {
                    "type": "string"
                },
                "websiteUrl": {
                    "type": "string"
                },		
                "languageCode1": {
                    "type": "string"
                },
                "languageCode1Desc": {
                    "type": "string"
                },
                "languageCode2": {
                    "type": "string"
                },
                "languageCode2Desc": {
                    "type": "string"
                },
                "languageCode3": {
                    "type": "string"
                },
                "languageCode3Desc": {
                    "type": "string"
                },
                "languageCode4": {
                    "type": "string"
                },
                "languageCode4Desc": {
                    "type": "string"
                },
                "languageCode5": {
                    "type": "string"
                },
                "languageCode5Desc": {
                    "type": "string"
                },
                "affiliationCreateUser": {
                    "type": "string"
                },
                "affiliationCreateDate": {
                    "type": "string"
                },
                "affiliationUpdateUser": {
                    "type": "string"
                },
                "affiliationUpdateDate": {
                    "type": "string"
                },
                "pharmacyCreateUser": {
                    "type": "string"
                },
                "pharmacyUpdateUser": {
                    "type": "string"
                },
                "pharmacyCreateDate": {
                    "type": "string"
                },
                "pharmacyUpdateDate": {
                    "type": "string"
                },
                "azureCreateDate": {
                    "type": "string"
                },
                "azureUpdateDate": {
                    "type": "string"
                },	
                "pharmacyAddress": {
                    "type": "array",
                    "items": {
                        "$ref": "#/definitions/pharmacyAddress"
                    }
                },
                "pharmacySchedule": {
                    "type": "array",
                    "items": {
                        "$ref": "#/definitions/schedule"
                    }
                },			
                "communication": {
                    "type": "array",
                    "items": {
                        "$ref": "#/definitions/communication"
                    }
                }
            },
                "required": ["affiliationId"],
                "additionalProperties": false	    
        },
        "pharmacyAddress": {
			"type": "object",
			"properties": {
				"addressLine1": {
					"type": "string"
				},
				"addressLine2": {
					"type": "string"
				},
				"city": {
					"type": "string"
				},
				"state": {
					"type": "string"
				},
				"zipCode": {
					"type": "string"
				},
				"zipCode2": {
					"type": "string"
				}								
			},
			"additionalProperties": false
		},
		"communication": {
			"type": "object",
			"properties": {
				"telephoneNumber": {
					"type": "string"
				},
				"telephoneNumberExtn": {
					"type": "string"
				},
				"emergencyTelephoneNumber": {
					"type": "string"
				},
				"emergencyTelephoneNumberExtn": {
					"type": "string"
				},
				"FaxNumber": {
					"type": "string"
				},
				"email": {
					"type": "string"
				}
			},
			"additionalProperties": false
		},
		"schedule": {
			"type": "object",
			"properties": {
				"dayOfWeek": {
					"type": "string"
				},
				"timeZone": {
					"type": "string"
				},
				"startTime": {
					"type": "string"
				},
				"endTime": {
					"type": "string"
				}
			},
			"additionalProperties": false
		}
    }
}
