{
	"$schema": "https://json-schema.org/draft/2019-09/schema#",
	"$ref": "#/definitions/pharmacyInformation",
	"definitions": {
		"operatingHours": {
			"title": "hours",
			"type": "object",
			"properties": {
				"dayOfWeek": {
					"type": "string",
					"description": "The days of the week with the addition of a special HOLIDAY element",
					"enum": [
						"MONDAY",
						"TUESDAY",
						"WEDNESDAY",
						"THURSDAY",
						"FRIDAY",
						"SATURDAY",
						"SUNDAY",
						"HOLIDAY"
					]
				},
				"openingTime": {
					"type": "string",
					"description": "The opening time of the location in ISO 8601 time of day format"
				},
				"closingTime": {
					"type": "string",
					"description": "The closing time of the location in ISO 8601 time of day format"
				},
				"timeZone": {
					"type": "string",
					"description": "The tz database name for this location's time zone"
				}
			},
			"required": [
				"dayOfWeek",
				"openingTime",
				"closingTime"
			],
			"additionalProperties": false
		},
		"pharmacyAddress": {
			"title": "pharmacyAddress",
			"type": "object",
			"properties": {
				"addressLine1": {
					"type": "string"
				},
				"addressLine2": {
					"type": "string"
				},
				"city": {
					"type": "string"
				},
				"state": {
					"type": "string"
				},
				"postalCode": {
					"type": "string"
				},
				"latitudeDegree": {
					"type": "number",
					"format": "double"
				},
				"longitudeDegree": {
					"type": "number",
					"format": "double"
				},
				"geoJsonLocation": {
					"$ref": "https://geojson.org/schema/Point.json"
				}
			},
			"required": [
				"addressLine1",
				"postalCode"
			],
			"additionalProperties": false
		},
		"pharmacyCommunication": {
			"title": "pharmacyCommunication",
			"type": "object",
			"properties": {
				"telephoneNumber": {
					"type": "string"
				},
				"telephoneNumberExtn": {
					"type": "string"
				},
				"emergencyTelephoneNumber": {
					"type": "string"
				},
				"emergencyTelephoneNumberExtn": {
					"type": "string"
				},
				"faxTelephoneNumber": {
					"type": "string"
				},
				"contactEmail": {
					"type": "string",
					"format": "email"
				}
			},
			"required": [
				"telephoneNumber"
			],
			"additionalProperties": false
		},
		"retailPharmacyLocation": {
			"title": "retailPharmacyLocation",
			"type": "object",
			"properties": {
				"pharmacyId": {
					"type": "string"
				},
				"pharmacyName": {
					"type": "string"
				},
				"distanceFromSearchLocation": {
					"type": "number",
					"format": "double"
				},
				"pharmacyAddress": {
					"$ref": "#/definitions/pharmacyAddress"
				},
				"pharmacyCommunication": {
					"$ref": "#/definitions/pharmacyCommunication"
				},
				"pharmacySchedule": {
					"type": "array",
					"items": {
						"$ref": "#/definitions/operatingHours"
					}
				}
			},
			"required": [
				"pharmacyId"
			],
			"additionalProperties": false
		},
		"retailer": {
			"title": "retailer",
			"type": "object",
			"properties": {
				"affiliationId": {
					"type": "string"
				},
				"affiliationName": {
					"type": "string"
				},
				"sourceSystemCode": {
					"type": "string"
				},
				"sourceSystemInstance": {
					"type": "string"
				},
				"membershipRequired": {
					"type": "boolean"
				},
				"membershipDetailsUrl": {
					"type": "string",
					"format": "uri"
				},
				"logoImageUrl": {
					"type": "string",
					"format": "uri"
				},
				"darkModeImageUrl": {
					"type": "string",
					"format": "uri"
				}
			},
			"required": [
				"affiliationId",
				"affiliationName"
			],
			"additionalProperties": false
		},
		"pharmacyInformation" : {
			"title": "pharmacyInformation",
			"type": "object",
			"properties": {
				"pharmacyId": {
					"type": "string"
				},
				"retailer": {
					"$ref": "#/definitions/retailer"
				},
				"location": {
					"$ref": "#/definitions/retailPharmacyLocation"
				}
			},
			"required": [
				"pharmacyId"
			],
			"additionalProperties": false
		}
	}
}
