{
    "$schema": "https://json-schema.org/draft/2019-09/schema#",
    "description": "Cosmos Affiliation Information Json Schema, Partition key is affiliationId",
    "$ref": "#/definitions/pharmacyAffiliationInformation",
    "definitions": {
        "pharmacyAffiliationInformation": {
            "type": "object",
            "properties": {
                "affiliationId": {
                    "type": "string"
                },
                "affiliationName": {
                    "type": "string"
                },
                "sourceSystemCode": {
                    "type": "string"
                },
                "sourceSystemInstance": {
                    "type": "string"
                },
                "membershipRequired": {
                    "type": "boolean"
                },
                "membershipDetailsUrl": {
                    "type": "string",
                    "format": "uri"
                },
                "logoImageUrl": {
                    "type": "string",
                    "format": "uri"
                },
                "darkModeImageUrl": {
                    "type": "string",
                    "format": "uri"
                }
                
            },
            "required":["affiliationId"],
            "additionalProperties": false
        }
    }
}
