{
  "groups": [
    {
      "name": "user-account-ms",
      "type": "com.uhg.optumrx.account.ms.UserAccountMsApplicationProperties",
      "sourceType": "com.uhg.optumrx.account.ms.configurations.UserAccountMsAutoConfigurations$UserAccountApplicationPropertiesAutoConfiguration",
      "sourceMethod": "public com.uhg.optumrx.account.ms.UserAccountMsApplicationProperties userAccountMsApplicationProperties() "
    }
  ],
  "properties": [
    {
      "name": "user-account-ms.retail-pharmacy-location-search-url",
      "type": "java.lang.String",
      "sourceType": "com.uhg.optumrx.account.ms.UserAccountMsApplicationProperties"
    },
    {
      "name": "user-account-ms.root-context-view-controller-view-name",
      "type": "java.lang.String",
      "description": "The root view name to map calls to <code>'\/'<\/code>",
      "sourceType": "com.uhg.optumrx.account.ms.UserAccountMsApplicationProperties"
    },
    {
      "name": "user-account-ms.root-redirect-view-url",
      "type": "java.lang.String",
      "description": "The root view name to map calls to <code>'\/'<\/code>",
      "sourceType": "com.uhg.optumrx.account.ms.UserAccountMsApplicationProperties"
    }
  ],
  "hints": []
}